image_id,domain,split,image_path
1,B (Facade Segmentation),test,testB/1.jpg
1,B (Facade Segmentation),test,testB/1.jpg
10,B (Facade Segmentation),test,testB/10.jpg
10,B (Facade Segmentation),test,testB/10.jpg
100,B (Facade Segmentation),test,testB/100.jpg
100,B (Facade Segmentation),test,testB/100.jpg
100_A,A (Facade Photo),train,trainA/100_A.jpg
100_B,A (Facade Photo),train,trainA/100_B.jpg
101,B (Facade Segmentation),test,testB/101.jpg
101,B (Facade Segmentation),test,testB/101.jpg
101_A,A (Facade Photo),train,trainA/101_A.jpg
101_B,A (Facade Photo),train,trainA/101_B.jpg
102,B (Facade Segmentation),test,testB/102.jpg
102,B (Facade Segmentation),test,testB/102.jpg
102_A,A (Facade Photo),train,trainA/102_A.jpg
102_B,A (Facade Photo),train,trainA/102_B.jpg
103,B (Facade Segmentation),test,testB/103.jpg
103,B (Facade Segmentation),test,testB/103.jpg
103_A,A (Facade Photo),train,trainA/103_A.jpg
103_B,A (Facade Photo),train,trainA/103_B.jpg
104,B (Facade Segmentation),test,testB/104.jpg
104,B (Facade Segmentation),test,testB/104.jpg
104_A,A (Facade Photo),train,trainA/104_A.jpg
104_B,A (Facade Photo),train,trainA/104_B.jpg
105,B (Facade Segmentation),test,testB/105.jpg
105,B (Facade Segmentation),test,testB/105.jpg
105_A,A (Facade Photo),train,trainA/105_A.jpg
105_B,A (Facade Photo),train,trainA/105_B.jpg
106,B (Facade Segmentation),test,testB/106.jpg
106,B (Facade Segmentation),test,testB/106.jpg
106_A,A (Facade Photo),train,trainA/106_A.jpg
106_B,A (Facade Photo),train,trainA/106_B.jpg
107_A,A (Facade Photo),train,trainA/107_A.jpg
107_B,A (Facade Photo),train,trainA/107_B.jpg
108_A,A (Facade Photo),train,trainA/108_A.jpg
108_B,A (Facade Photo),train,trainA/108_B.jpg
109_A,A (Facade Photo),train,trainA/109_A.jpg
109_B,A (Facade Photo),train,trainA/109_B.jpg
10_A,A (Facade Photo),train,trainA/10_A.jpg
10_B,A (Facade Photo),train,trainA/10_B.jpg
11,B (Facade Segmentation),test,testB/11.jpg
11,B (Facade Segmentation),test,testB/11.jpg
110_A,A (Facade Photo),train,trainA/110_A.jpg
110_B,A (Facade Photo),train,trainA/110_B.jpg
111_A,A (Facade Photo),train,trainA/111_A.jpg
111_B,A (Facade Photo),train,trainA/111_B.jpg
112_A,A (Facade Photo),train,trainA/112_A.jpg
112_B,A (Facade Photo),train,trainA/112_B.jpg
113_A,A (Facade Photo),train,trainA/113_A.jpg
113_B,A (Facade Photo),train,trainA/113_B.jpg
114_A,A (Facade Photo),train,trainA/114_A.jpg
114_B,A (Facade Photo),train,trainA/114_B.jpg
115_A,A (Facade Photo),train,trainA/115_A.jpg
115_B,A (Facade Photo),train,trainA/115_B.jpg
116_A,A (Facade Photo),train,trainA/116_A.jpg
116_B,A (Facade Photo),train,trainA/116_B.jpg
117_A,A (Facade Photo),train,trainA/117_A.jpg
117_B,A (Facade Photo),train,trainA/117_B.jpg
118_A,A (Facade Photo),train,trainA/118_A.jpg
118_B,A (Facade Photo),train,trainA/118_B.jpg
119_A,A (Facade Photo),train,trainA/119_A.jpg
119_B,A (Facade Photo),train,trainA/119_B.jpg
11_A,A (Facade Photo),train,trainA/11_A.jpg
11_B,A (Facade Photo),train,trainA/11_B.jpg
12,B (Facade Segmentation),test,testB/12.jpg
12,B (Facade Segmentation),test,testB/12.jpg
120_A,A (Facade Photo),train,trainA/120_A.jpg
120_B,A (Facade Photo),train,trainA/120_B.jpg
121_A,A (Facade Photo),train,trainA/121_A.jpg
121_B,A (Facade Photo),train,trainA/121_B.jpg
122_A,A (Facade Photo),train,trainA/122_A.jpg
122_B,A (Facade Photo),train,trainA/122_B.jpg
123_A,A (Facade Photo),train,trainA/123_A.jpg
123_B,A (Facade Photo),train,trainA/123_B.jpg
124_A,A (Facade Photo),train,trainA/124_A.jpg
124_B,A (Facade Photo),train,trainA/124_B.jpg
125_A,A (Facade Photo),train,trainA/125_A.jpg
125_B,A (Facade Photo),train,trainA/125_B.jpg
126_A,A (Facade Photo),train,trainA/126_A.jpg
126_B,A (Facade Photo),train,trainA/126_B.jpg
127_A,A (Facade Photo),train,trainA/127_A.jpg
127_B,A (Facade Photo),train,trainA/127_B.jpg
128_A,A (Facade Photo),train,trainA/128_A.jpg
128_B,A (Facade Photo),train,trainA/128_B.jpg
129_A,A (Facade Photo),train,trainA/129_A.jpg
129_B,A (Facade Photo),train,trainA/129_B.jpg
12_A,A (Facade Photo),train,trainA/12_A.jpg
12_B,A (Facade Photo),train,trainA/12_B.jpg
13,B (Facade Segmentation),test,testB/13.jpg
13,B (Facade Segmentation),test,testB/13.jpg
130_A,A (Facade Photo),train,trainA/130_A.jpg
130_B,A (Facade Photo),train,trainA/130_B.jpg
131_A,A (Facade Photo),train,trainA/131_A.jpg
131_B,A (Facade Photo),train,trainA/131_B.jpg
132_A,A (Facade Photo),train,trainA/132_A.jpg
132_B,A (Facade Photo),train,trainA/132_B.jpg
133_A,A (Facade Photo),train,trainA/133_A.jpg
133_B,A (Facade Photo),train,trainA/133_B.jpg
134_A,A (Facade Photo),train,trainA/134_A.jpg
134_B,A (Facade Photo),train,trainA/134_B.jpg
135_A,A (Facade Photo),train,trainA/135_A.jpg
135_B,A (Facade Photo),train,trainA/135_B.jpg
136_A,A (Facade Photo),train,trainA/136_A.jpg
136_B,A (Facade Photo),train,trainA/136_B.jpg
137_A,A (Facade Photo),train,trainA/137_A.jpg
137_B,A (Facade Photo),train,trainA/137_B.jpg
138_A,A (Facade Photo),train,trainA/138_A.jpg
138_B,A (Facade Photo),train,trainA/138_B.jpg
139_A,A (Facade Photo),train,trainA/139_A.jpg
139_B,A (Facade Photo),train,trainA/139_B.jpg
13_A,A (Facade Photo),train,trainA/13_A.jpg
13_B,A (Facade Photo),train,trainA/13_B.jpg
14,B (Facade Segmentation),test,testB/14.jpg
14,B (Facade Segmentation),test,testB/14.jpg
140_A,A (Facade Photo),train,trainA/140_A.jpg
140_B,A (Facade Photo),train,trainA/140_B.jpg
141_A,A (Facade Photo),train,trainA/141_A.jpg
141_B,A (Facade Photo),train,trainA/141_B.jpg
142_A,A (Facade Photo),train,trainA/142_A.jpg
142_B,A (Facade Photo),train,trainA/142_B.jpg
143_A,A (Facade Photo),train,trainA/143_A.jpg
143_B,A (Facade Photo),train,trainA/143_B.jpg
144_A,A (Facade Photo),train,trainA/144_A.jpg
144_B,A (Facade Photo),train,trainA/144_B.jpg
145_A,A (Facade Photo),train,trainA/145_A.jpg
145_B,A (Facade Photo),train,trainA/145_B.jpg
146_A,A (Facade Photo),train,trainA/146_A.jpg
146_B,A (Facade Photo),train,trainA/146_B.jpg
147_A,A (Facade Photo),train,trainA/147_A.jpg
147_B,A (Facade Photo),train,trainA/147_B.jpg
148_A,A (Facade Photo),train,trainA/148_A.jpg
148_B,A (Facade Photo),train,trainA/148_B.jpg
149_A,A (Facade Photo),train,trainA/149_A.jpg
149_B,A (Facade Photo),train,trainA/149_B.jpg
14_A,A (Facade Photo),train,trainA/14_A.jpg
14_B,A (Facade Photo),train,trainA/14_B.jpg
15,B (Facade Segmentation),test,testB/15.jpg
15,B (Facade Segmentation),test,testB/15.jpg
150_A,A (Facade Photo),train,trainA/150_A.jpg
150_B,A (Facade Photo),train,trainA/150_B.jpg
151_A,A (Facade Photo),train,trainA/151_A.jpg
151_B,A (Facade Photo),train,trainA/151_B.jpg
152_A,A (Facade Photo),train,trainA/152_A.jpg
152_B,A (Facade Photo),train,trainA/152_B.jpg
153_A,A (Facade Photo),train,trainA/153_A.jpg
153_B,A (Facade Photo),train,trainA/153_B.jpg
154_A,A (Facade Photo),train,trainA/154_A.jpg
154_B,A (Facade Photo),train,trainA/154_B.jpg
155_A,A (Facade Photo),train,trainA/155_A.jpg
155_B,A (Facade Photo),train,trainA/155_B.jpg
156_A,A (Facade Photo),train,trainA/156_A.jpg
156_B,A (Facade Photo),train,trainA/156_B.jpg
157_A,A (Facade Photo),train,trainA/157_A.jpg
157_B,A (Facade Photo),train,trainA/157_B.jpg
158_A,A (Facade Photo),train,trainA/158_A.jpg
158_B,A (Facade Photo),train,trainA/158_B.jpg
159_A,A (Facade Photo),train,trainA/159_A.jpg
159_B,A (Facade Photo),train,trainA/159_B.jpg
15_A,A (Facade Photo),train,trainA/15_A.jpg
15_B,A (Facade Photo),train,trainA/15_B.jpg
16,B (Facade Segmentation),test,testB/16.jpg
16,B (Facade Segmentation),test,testB/16.jpg
160_A,A (Facade Photo),train,trainA/160_A.jpg
160_B,A (Facade Photo),train,trainA/160_B.jpg
161_A,A (Facade Photo),train,trainA/161_A.jpg
161_B,A (Facade Photo),train,trainA/161_B.jpg
162_A,A (Facade Photo),train,trainA/162_A.jpg
162_B,A (Facade Photo),train,trainA/162_B.jpg
163_A,A (Facade Photo),train,trainA/163_A.jpg
163_B,A (Facade Photo),train,trainA/163_B.jpg
164_A,A (Facade Photo),train,trainA/164_A.jpg
164_B,A (Facade Photo),train,trainA/164_B.jpg
165_A,A (Facade Photo),train,trainA/165_A.jpg
165_B,A (Facade Photo),train,trainA/165_B.jpg
166_A,A (Facade Photo),train,trainA/166_A.jpg
166_B,A (Facade Photo),train,trainA/166_B.jpg
167_A,A (Facade Photo),train,trainA/167_A.jpg
167_B,A (Facade Photo),train,trainA/167_B.jpg
168_A,A (Facade Photo),train,trainA/168_A.jpg
168_B,A (Facade Photo),train,trainA/168_B.jpg
169_A,A (Facade Photo),train,trainA/169_A.jpg
169_B,A (Facade Photo),train,trainA/169_B.jpg
16_A,A (Facade Photo),train,trainA/16_A.jpg
16_B,A (Facade Photo),train,trainA/16_B.jpg
17,B (Facade Segmentation),test,testB/17.jpg
17,B (Facade Segmentation),test,testB/17.jpg
170_A,A (Facade Photo),train,trainA/170_A.jpg
170_B,A (Facade Photo),train,trainA/170_B.jpg
171_A,A (Facade Photo),train,trainA/171_A.jpg
171_B,A (Facade Photo),train,trainA/171_B.jpg
172_A,A (Facade Photo),train,trainA/172_A.jpg
172_B,A (Facade Photo),train,trainA/172_B.jpg
173_A,A (Facade Photo),train,trainA/173_A.jpg
173_B,A (Facade Photo),train,trainA/173_B.jpg
174_A,A (Facade Photo),train,trainA/174_A.jpg
174_B,A (Facade Photo),train,trainA/174_B.jpg
175_A,A (Facade Photo),train,trainA/175_A.jpg
175_B,A (Facade Photo),train,trainA/175_B.jpg
176_A,A (Facade Photo),train,trainA/176_A.jpg
176_B,A (Facade Photo),train,trainA/176_B.jpg
177_A,A (Facade Photo),train,trainA/177_A.jpg
177_B,A (Facade Photo),train,trainA/177_B.jpg
178_A,A (Facade Photo),train,trainA/178_A.jpg
178_B,A (Facade Photo),train,trainA/178_B.jpg
179_A,A (Facade Photo),train,trainA/179_A.jpg
179_B,A (Facade Photo),train,trainA/179_B.jpg
17_A,A (Facade Photo),train,trainA/17_A.jpg
17_B,A (Facade Photo),train,trainA/17_B.jpg
18,B (Facade Segmentation),test,testB/18.jpg
18,B (Facade Segmentation),test,testB/18.jpg
180_A,A (Facade Photo),train,trainA/180_A.jpg
180_B,A (Facade Photo),train,trainA/180_B.jpg
181_A,A (Facade Photo),train,trainA/181_A.jpg
181_B,A (Facade Photo),train,trainA/181_B.jpg
182_A,A (Facade Photo),train,trainA/182_A.jpg
182_B,A (Facade Photo),train,trainA/182_B.jpg
183_A,A (Facade Photo),train,trainA/183_A.jpg
183_B,A (Facade Photo),train,trainA/183_B.jpg
184_A,A (Facade Photo),train,trainA/184_A.jpg
184_B,A (Facade Photo),train,trainA/184_B.jpg
185_A,A (Facade Photo),train,trainA/185_A.jpg
185_B,A (Facade Photo),train,trainA/185_B.jpg
186_A,A (Facade Photo),train,trainA/186_A.jpg
186_B,A (Facade Photo),train,trainA/186_B.jpg
187_A,A (Facade Photo),train,trainA/187_A.jpg
187_B,A (Facade Photo),train,trainA/187_B.jpg
188_A,A (Facade Photo),train,trainA/188_A.jpg
188_B,A (Facade Photo),train,trainA/188_B.jpg
189_A,A (Facade Photo),train,trainA/189_A.jpg
189_B,A (Facade Photo),train,trainA/189_B.jpg
18_A,A (Facade Photo),train,trainA/18_A.jpg
18_B,A (Facade Photo),train,trainA/18_B.jpg
19,B (Facade Segmentation),test,testB/19.jpg
19,B (Facade Segmentation),test,testB/19.jpg
190_A,A (Facade Photo),train,trainA/190_A.jpg
190_B,A (Facade Photo),train,trainA/190_B.jpg
191_A,A (Facade Photo),train,trainA/191_A.jpg
191_B,A (Facade Photo),train,trainA/191_B.jpg
192_A,A (Facade Photo),train,trainA/192_A.jpg
192_B,A (Facade Photo),train,trainA/192_B.jpg
193_A,A (Facade Photo),train,trainA/193_A.jpg
193_B,A (Facade Photo),train,trainA/193_B.jpg
194_A,A (Facade Photo),train,trainA/194_A.jpg
194_B,A (Facade Photo),train,trainA/194_B.jpg
195_A,A (Facade Photo),train,trainA/195_A.jpg
195_B,A (Facade Photo),train,trainA/195_B.jpg
196_A,A (Facade Photo),train,trainA/196_A.jpg
196_B,A (Facade Photo),train,trainA/196_B.jpg
197_A,A (Facade Photo),train,trainA/197_A.jpg
197_B,B (Facade Segmentation),train,trainB/197_B.jpg
198_A,A (Facade Photo),train,trainA/198_A.jpg
198_B,B (Facade Segmentation),train,trainB/198_B.jpg
199_A,A (Facade Photo),train,trainA/199_A.jpg
199_B,B (Facade Segmentation),train,trainB/199_B.jpg
19_A,A (Facade Photo),train,trainA/19_A.jpg
19_B,B (Facade Segmentation),train,trainB/19_B.jpg
1_A,A (Facade Photo),train,trainA/1_A.jpg
1_B,B (Facade Segmentation),train,trainB/1_B.jpg
2,B (Facade Segmentation),test,testB/2.jpg
2,B (Facade Segmentation),test,testB/2.jpg
20,B (Facade Segmentation),test,testB/20.jpg
20,B (Facade Segmentation),test,testB/20.jpg
200_A,A (Facade Photo),train,trainA/200_A.jpg
200_B,B (Facade Segmentation),train,trainB/200_B.jpg
201_A,A (Facade Photo),train,trainA/201_A.jpg
201_B,B (Facade Segmentation),train,trainB/201_B.jpg
202_A,A (Facade Photo),train,trainA/202_A.jpg
202_B,B (Facade Segmentation),train,trainB/202_B.jpg
203_A,A (Facade Photo),train,trainA/203_A.jpg
203_B,B (Facade Segmentation),train,trainB/203_B.jpg
204_A,A (Facade Photo),train,trainA/204_A.jpg
204_B,B (Facade Segmentation),train,trainB/204_B.jpg
205_A,A (Facade Photo),train,trainA/205_A.jpg
205_B,B (Facade Segmentation),train,trainB/205_B.jpg
206_A,A (Facade Photo),train,trainA/206_A.jpg
206_B,B (Facade Segmentation),train,trainB/206_B.jpg
207_A,A (Facade Photo),train,trainA/207_A.jpg
207_B,B (Facade Segmentation),train,trainB/207_B.jpg
208_A,A (Facade Photo),train,trainA/208_A.jpg
208_B,B (Facade Segmentation),train,trainB/208_B.jpg
209_A,A (Facade Photo),train,trainA/209_A.jpg
209_B,B (Facade Segmentation),train,trainB/209_B.jpg
20_A,A (Facade Photo),train,trainA/20_A.jpg
20_B,B (Facade Segmentation),train,trainB/20_B.jpg
21,B (Facade Segmentation),test,testB/21.jpg
21,B (Facade Segmentation),test,testB/21.jpg
210_A,A (Facade Photo),train,trainA/210_A.jpg
210_B,B (Facade Segmentation),train,trainB/210_B.jpg
211_A,A (Facade Photo),train,trainA/211_A.jpg
211_B,B (Facade Segmentation),train,trainB/211_B.jpg
212_A,A (Facade Photo),train,trainA/212_A.jpg
212_B,B (Facade Segmentation),train,trainB/212_B.jpg
213_A,A (Facade Photo),train,trainA/213_A.jpg
213_B,B (Facade Segmentation),train,trainB/213_B.jpg
214_A,A (Facade Photo),train,trainA/214_A.jpg
214_B,B (Facade Segmentation),train,trainB/214_B.jpg
215_A,A (Facade Photo),train,trainA/215_A.jpg
215_B,B (Facade Segmentation),train,trainB/215_B.jpg
216_A,A (Facade Photo),train,trainA/216_A.jpg
216_B,B (Facade Segmentation),train,trainB/216_B.jpg
217_A,A (Facade Photo),train,trainA/217_A.jpg
217_B,B (Facade Segmentation),train,trainB/217_B.jpg
218_A,A (Facade Photo),train,trainA/218_A.jpg
218_B,B (Facade Segmentation),train,trainB/218_B.jpg
219_A,A (Facade Photo),train,trainA/219_A.jpg
219_B,B (Facade Segmentation),train,trainB/219_B.jpg
21_A,A (Facade Photo),train,trainA/21_A.jpg
21_B,B (Facade Segmentation),train,trainB/21_B.jpg
22,B (Facade Segmentation),test,testB/22.jpg
22,B (Facade Segmentation),test,testB/22.jpg
220_A,A (Facade Photo),train,trainA/220_A.jpg
220_B,B (Facade Segmentation),train,trainB/220_B.jpg
221_A,A (Facade Photo),train,trainA/221_A.jpg
221_B,B (Facade Segmentation),train,trainB/221_B.jpg
222_A,A (Facade Photo),train,trainA/222_A.jpg
222_B,B (Facade Segmentation),train,trainB/222_B.jpg
223_A,A (Facade Photo),train,trainA/223_A.jpg
223_B,B (Facade Segmentation),train,trainB/223_B.jpg
224_A,A (Facade Photo),train,trainA/224_A.jpg
224_B,B (Facade Segmentation),train,trainB/224_B.jpg
225_A,A (Facade Photo),train,trainA/225_A.jpg
225_B,B (Facade Segmentation),train,trainB/225_B.jpg
226_A,A (Facade Photo),train,trainA/226_A.jpg
226_B,B (Facade Segmentation),train,trainB/226_B.jpg
227_A,A (Facade Photo),train,trainA/227_A.jpg
227_B,B (Facade Segmentation),train,trainB/227_B.jpg
228_A,A (Facade Photo),train,trainA/228_A.jpg
228_B,B (Facade Segmentation),train,trainB/228_B.jpg
229_A,A (Facade Photo),train,trainA/229_A.jpg
229_B,B (Facade Segmentation),train,trainB/229_B.jpg
22_A,A (Facade Photo),train,trainA/22_A.jpg
22_B,B (Facade Segmentation),train,trainB/22_B.jpg
23,B (Facade Segmentation),test,testB/23.jpg
23,B (Facade Segmentation),test,testB/23.jpg
230_A,A (Facade Photo),train,trainA/230_A.jpg
230_B,B (Facade Segmentation),train,trainB/230_B.jpg
231_A,A (Facade Photo),train,trainA/231_A.jpg
231_B,B (Facade Segmentation),train,trainB/231_B.jpg
232_A,A (Facade Photo),train,trainA/232_A.jpg
232_B,B (Facade Segmentation),train,trainB/232_B.jpg
233_A,A (Facade Photo),train,trainA/233_A.jpg
233_B,B (Facade Segmentation),train,trainB/233_B.jpg
234_A,A (Facade Photo),train,trainA/234_A.jpg
234_B,B (Facade Segmentation),train,trainB/234_B.jpg
235_A,A (Facade Photo),train,trainA/235_A.jpg
235_B,B (Facade Segmentation),train,trainB/235_B.jpg
236_A,A (Facade Photo),train,trainA/236_A.jpg
236_B,B (Facade Segmentation),train,trainB/236_B.jpg
237_A,A (Facade Photo),train,trainA/237_A.jpg
237_B,B (Facade Segmentation),train,trainB/237_B.jpg
238_A,A (Facade Photo),train,trainA/238_A.jpg
238_B,B (Facade Segmentation),train,trainB/238_B.jpg
239_A,A (Facade Photo),train,trainA/239_A.jpg
239_B,B (Facade Segmentation),train,trainB/239_B.jpg
23_A,A (Facade Photo),train,trainA/23_A.jpg
23_B,B (Facade Segmentation),train,trainB/23_B.jpg
24,B (Facade Segmentation),test,testB/24.jpg
24,B (Facade Segmentation),test,testB/24.jpg
240_A,A (Facade Photo),train,trainA/240_A.jpg
240_B,B (Facade Segmentation),train,trainB/240_B.jpg
241_A,A (Facade Photo),train,trainA/241_A.jpg
241_B,B (Facade Segmentation),train,trainB/241_B.jpg
242_A,A (Facade Photo),train,trainA/242_A.jpg
242_B,B (Facade Segmentation),train,trainB/242_B.jpg
243_A,A (Facade Photo),train,trainA/243_A.jpg
243_B,B (Facade Segmentation),train,trainB/243_B.jpg
244_A,A (Facade Photo),train,trainA/244_A.jpg
244_B,B (Facade Segmentation),train,trainB/244_B.jpg
245_A,A (Facade Photo),train,trainA/245_A.jpg
245_B,B (Facade Segmentation),train,trainB/245_B.jpg
246_A,A (Facade Photo),train,trainA/246_A.jpg
246_B,B (Facade Segmentation),train,trainB/246_B.jpg
247_A,A (Facade Photo),train,trainA/247_A.jpg
247_B,B (Facade Segmentation),train,trainB/247_B.jpg
248_A,A (Facade Photo),train,trainA/248_A.jpg
248_B,B (Facade Segmentation),train,trainB/248_B.jpg
249_A,A (Facade Photo),train,trainA/249_A.jpg
249_B,B (Facade Segmentation),train,trainB/249_B.jpg
24_A,A (Facade Photo),train,trainA/24_A.jpg
24_B,B (Facade Segmentation),train,trainB/24_B.jpg
25,B (Facade Segmentation),test,testB/25.jpg
25,B (Facade Segmentation),test,testB/25.jpg
250_A,A (Facade Photo),train,trainA/250_A.jpg
250_B,B (Facade Segmentation),train,trainB/250_B.jpg
251_A,A (Facade Photo),train,trainA/251_A.jpg
251_B,B (Facade Segmentation),train,trainB/251_B.jpg
252_A,A (Facade Photo),train,trainA/252_A.jpg
252_B,B (Facade Segmentation),train,trainB/252_B.jpg
253_A,A (Facade Photo),train,trainA/253_A.jpg
253_B,B (Facade Segmentation),train,trainB/253_B.jpg
254_A,A (Facade Photo),train,trainA/254_A.jpg
254_B,B (Facade Segmentation),train,trainB/254_B.jpg
255_A,A (Facade Photo),train,trainA/255_A.jpg
255_B,B (Facade Segmentation),train,trainB/255_B.jpg
256_A,A (Facade Photo),train,trainA/256_A.jpg
256_B,B (Facade Segmentation),train,trainB/256_B.jpg
257_A,A (Facade Photo),train,trainA/257_A.jpg
257_B,B (Facade Segmentation),train,trainB/257_B.jpg
258_A,A (Facade Photo),train,trainA/258_A.jpg
258_B,B (Facade Segmentation),train,trainB/258_B.jpg
259_A,A (Facade Photo),train,trainA/259_A.jpg
259_B,B (Facade Segmentation),train,trainB/259_B.jpg
25_A,A (Facade Photo),train,trainA/25_A.jpg
25_B,B (Facade Segmentation),train,trainB/25_B.jpg
26,B (Facade Segmentation),test,testB/26.jpg
26,B (Facade Segmentation),test,testB/26.jpg
260_A,A (Facade Photo),train,trainA/260_A.jpg
260_B,B (Facade Segmentation),train,trainB/260_B.jpg
261_A,A (Facade Photo),train,trainA/261_A.jpg
261_B,B (Facade Segmentation),train,trainB/261_B.jpg
262_A,A (Facade Photo),train,trainA/262_A.jpg
262_B,B (Facade Segmentation),train,trainB/262_B.jpg
263_A,A (Facade Photo),train,trainA/263_A.jpg
263_B,B (Facade Segmentation),train,trainB/263_B.jpg
264_A,A (Facade Photo),train,trainA/264_A.jpg
264_B,B (Facade Segmentation),train,trainB/264_B.jpg
265_A,A (Facade Photo),train,trainA/265_A.jpg
265_B,B (Facade Segmentation),train,trainB/265_B.jpg
266_A,A (Facade Photo),train,trainA/266_A.jpg
266_B,B (Facade Segmentation),train,trainB/266_B.jpg
267_A,A (Facade Photo),train,trainA/267_A.jpg
267_B,B (Facade Segmentation),train,trainB/267_B.jpg
268_A,A (Facade Photo),train,trainA/268_A.jpg
268_B,B (Facade Segmentation),train,trainB/268_B.jpg
269_A,A (Facade Photo),train,trainA/269_A.jpg
269_B,B (Facade Segmentation),train,trainB/269_B.jpg
26_A,A (Facade Photo),train,trainA/26_A.jpg
26_B,B (Facade Segmentation),train,trainB/26_B.jpg
27,B (Facade Segmentation),test,testB/27.jpg
27,B (Facade Segmentation),test,testB/27.jpg
270_A,A (Facade Photo),train,trainA/270_A.jpg
270_B,B (Facade Segmentation),train,trainB/270_B.jpg
271_A,A (Facade Photo),train,trainA/271_A.jpg
271_B,B (Facade Segmentation),train,trainB/271_B.jpg
272_A,A (Facade Photo),train,trainA/272_A.jpg
272_B,B (Facade Segmentation),train,trainB/272_B.jpg
273_A,A (Facade Photo),train,trainA/273_A.jpg
273_B,B (Facade Segmentation),train,trainB/273_B.jpg
274_A,A (Facade Photo),train,trainA/274_A.jpg
274_B,B (Facade Segmentation),train,trainB/274_B.jpg
275_A,A (Facade Photo),train,trainA/275_A.jpg
275_B,B (Facade Segmentation),train,trainB/275_B.jpg
276_A,A (Facade Photo),train,trainA/276_A.jpg
276_B,B (Facade Segmentation),train,trainB/276_B.jpg
277_A,A (Facade Photo),train,trainA/277_A.jpg
277_B,B (Facade Segmentation),train,trainB/277_B.jpg
278_A,A (Facade Photo),train,trainA/278_A.jpg
278_B,B (Facade Segmentation),train,trainB/278_B.jpg
279_A,A (Facade Photo),train,trainA/279_A.jpg
279_B,B (Facade Segmentation),train,trainB/279_B.jpg
27_A,A (Facade Photo),train,trainA/27_A.jpg
27_B,B (Facade Segmentation),train,trainB/27_B.jpg
28,B (Facade Segmentation),test,testB/28.jpg
28,B (Facade Segmentation),test,testB/28.jpg
280_A,A (Facade Photo),train,trainA/280_A.jpg
280_B,B (Facade Segmentation),train,trainB/280_B.jpg
281_A,A (Facade Photo),train,trainA/281_A.jpg
281_B,B (Facade Segmentation),train,trainB/281_B.jpg
282_A,A (Facade Photo),train,trainA/282_A.jpg
282_B,B (Facade Segmentation),train,trainB/282_B.jpg
283_A,A (Facade Photo),train,trainA/283_A.jpg
283_B,B (Facade Segmentation),train,trainB/283_B.jpg
284_A,A (Facade Photo),train,trainA/284_A.jpg
284_B,B (Facade Segmentation),train,trainB/284_B.jpg
285_A,A (Facade Photo),train,trainA/285_A.jpg
285_B,B (Facade Segmentation),train,trainB/285_B.jpg
286_A,A (Facade Photo),train,trainA/286_A.jpg
286_B,B (Facade Segmentation),train,trainB/286_B.jpg
287_A,A (Facade Photo),train,trainA/287_A.jpg
287_B,B (Facade Segmentation),train,trainB/287_B.jpg
288_A,A (Facade Photo),train,trainA/288_A.jpg
288_B,B (Facade Segmentation),train,trainB/288_B.jpg
289_A,A (Facade Photo),train,trainA/289_A.jpg
289_B,B (Facade Segmentation),train,trainB/289_B.jpg
28_A,A (Facade Photo),train,trainA/28_A.jpg
28_B,B (Facade Segmentation),train,trainB/28_B.jpg
29,B (Facade Segmentation),test,testB/29.jpg
29,B (Facade Segmentation),test,testB/29.jpg
290_A,A (Facade Photo),train,trainA/290_A.jpg
290_B,B (Facade Segmentation),train,trainB/290_B.jpg
291_A,A (Facade Photo),train,trainA/291_A.jpg
291_B,B (Facade Segmentation),train,trainB/291_B.jpg
292_A,A (Facade Photo),train,trainA/292_A.jpg
292_B,B (Facade Segmentation),train,trainB/292_B.jpg
293_A,A (Facade Photo),train,trainA/293_A.jpg
293_B,B (Facade Segmentation),train,trainB/293_B.jpg
294_A,A (Facade Photo),train,trainA/294_A.jpg
294_B,B (Facade Segmentation),train,trainB/294_B.jpg
295_A,A (Facade Photo),train,trainA/295_A.jpg
295_B,B (Facade Segmentation),train,trainB/295_B.jpg
296_A,A (Facade Photo),train,trainA/296_A.jpg
296_B,B (Facade Segmentation),train,trainB/296_B.jpg
297_A,A (Facade Photo),train,trainA/297_A.jpg
297_B,B (Facade Segmentation),train,trainB/297_B.jpg
298_A,A (Facade Photo),train,trainA/298_A.jpg
298_B,B (Facade Segmentation),train,trainB/298_B.jpg
299_A,A (Facade Photo),train,trainA/299_A.jpg
299_B,B (Facade Segmentation),train,trainB/299_B.jpg
29_A,A (Facade Photo),train,trainA/29_A.jpg
29_B,B (Facade Segmentation),train,trainB/29_B.jpg
2_A,A (Facade Photo),train,trainA/2_A.jpg
2_B,B (Facade Segmentation),train,trainB/2_B.jpg
3,B (Facade Segmentation),test,testB/3.jpg
3,B (Facade Segmentation),test,testB/3.jpg
30,B (Facade Segmentation),test,testB/30.jpg
30,B (Facade Segmentation),test,testB/30.jpg
300_A,A (Facade Photo),train,trainA/300_A.jpg
300_B,B (Facade Segmentation),train,trainB/300_B.jpg
301_A,A (Facade Photo),train,trainA/301_A.jpg
301_B,B (Facade Segmentation),train,trainB/301_B.jpg
302_A,A (Facade Photo),train,trainA/302_A.jpg
302_B,B (Facade Segmentation),train,trainB/302_B.jpg
303_A,A (Facade Photo),train,trainA/303_A.jpg
303_B,B (Facade Segmentation),train,trainB/303_B.jpg
304_A,A (Facade Photo),train,trainA/304_A.jpg
304_B,B (Facade Segmentation),train,trainB/304_B.jpg
305_A,A (Facade Photo),train,trainA/305_A.jpg
305_B,B (Facade Segmentation),train,trainB/305_B.jpg
306_A,A (Facade Photo),train,trainA/306_A.jpg
306_B,B (Facade Segmentation),train,trainB/306_B.jpg
307_A,A (Facade Photo),train,trainA/307_A.jpg
307_B,B (Facade Segmentation),train,trainB/307_B.jpg
308_A,A (Facade Photo),train,trainA/308_A.jpg
308_B,B (Facade Segmentation),train,trainB/308_B.jpg
309_A,A (Facade Photo),train,trainA/309_A.jpg
309_B,B (Facade Segmentation),train,trainB/309_B.jpg
30_A,A (Facade Photo),train,trainA/30_A.jpg
30_B,B (Facade Segmentation),train,trainB/30_B.jpg
31,B (Facade Segmentation),test,testB/31.jpg
31,B (Facade Segmentation),test,testB/31.jpg
310_A,A (Facade Photo),train,trainA/310_A.jpg
310_B,B (Facade Segmentation),train,trainB/310_B.jpg
311_A,A (Facade Photo),train,trainA/311_A.jpg
311_B,B (Facade Segmentation),train,trainB/311_B.jpg
312_A,A (Facade Photo),train,trainA/312_A.jpg
312_B,B (Facade Segmentation),train,trainB/312_B.jpg
313_A,A (Facade Photo),train,trainA/313_A.jpg
313_B,B (Facade Segmentation),train,trainB/313_B.jpg
314_A,A (Facade Photo),train,trainA/314_A.jpg
314_B,B (Facade Segmentation),train,trainB/314_B.jpg
315_A,A (Facade Photo),train,trainA/315_A.jpg
315_B,B (Facade Segmentation),train,trainB/315_B.jpg
316_A,A (Facade Photo),train,trainA/316_A.jpg
316_B,B (Facade Segmentation),train,trainB/316_B.jpg
317_A,A (Facade Photo),train,trainA/317_A.jpg
317_B,B (Facade Segmentation),train,trainB/317_B.jpg
318_A,A (Facade Photo),train,trainA/318_A.jpg
318_B,B (Facade Segmentation),train,trainB/318_B.jpg
319_A,A (Facade Photo),train,trainA/319_A.jpg
319_B,B (Facade Segmentation),train,trainB/319_B.jpg
31_A,A (Facade Photo),train,trainA/31_A.jpg
31_B,B (Facade Segmentation),train,trainB/31_B.jpg
32,B (Facade Segmentation),test,testB/32.jpg
32,B (Facade Segmentation),test,testB/32.jpg
320_A,A (Facade Photo),train,trainA/320_A.jpg
320_B,B (Facade Segmentation),train,trainB/320_B.jpg
321_A,A (Facade Photo),train,trainA/321_A.jpg
321_B,B (Facade Segmentation),train,trainB/321_B.jpg
322_A,A (Facade Photo),train,trainA/322_A.jpg
322_B,B (Facade Segmentation),train,trainB/322_B.jpg
323_A,A (Facade Photo),train,trainA/323_A.jpg
323_B,B (Facade Segmentation),train,trainB/323_B.jpg
324_A,A (Facade Photo),train,trainA/324_A.jpg
324_B,B (Facade Segmentation),train,trainB/324_B.jpg
325_A,A (Facade Photo),train,trainA/325_A.jpg
325_B,B (Facade Segmentation),train,trainB/325_B.jpg
326_A,A (Facade Photo),train,trainA/326_A.jpg
326_B,B (Facade Segmentation),train,trainB/326_B.jpg
327_A,A (Facade Photo),train,trainA/327_A.jpg
327_B,B (Facade Segmentation),train,trainB/327_B.jpg
328_A,A (Facade Photo),train,trainA/328_A.jpg
328_B,B (Facade Segmentation),train,trainB/328_B.jpg
329_A,A (Facade Photo),train,trainA/329_A.jpg
329_B,B (Facade Segmentation),train,trainB/329_B.jpg
32_A,A (Facade Photo),train,trainA/32_A.jpg
32_B,B (Facade Segmentation),train,trainB/32_B.jpg
33,B (Facade Segmentation),test,testB/33.jpg
33,B (Facade Segmentation),test,testB/33.jpg
330_A,A (Facade Photo),train,trainA/330_A.jpg
330_B,B (Facade Segmentation),train,trainB/330_B.jpg
331_A,A (Facade Photo),train,trainA/331_A.jpg
331_B,B (Facade Segmentation),train,trainB/331_B.jpg
332_A,A (Facade Photo),train,trainA/332_A.jpg
332_B,B (Facade Segmentation),train,trainB/332_B.jpg
333_A,A (Facade Photo),train,trainA/333_A.jpg
333_B,B (Facade Segmentation),train,trainB/333_B.jpg
334_A,A (Facade Photo),train,trainA/334_A.jpg
334_B,B (Facade Segmentation),train,trainB/334_B.jpg
335_A,A (Facade Photo),train,trainA/335_A.jpg
335_B,B (Facade Segmentation),train,trainB/335_B.jpg
336_A,A (Facade Photo),train,trainA/336_A.jpg
336_B,B (Facade Segmentation),train,trainB/336_B.jpg
337_A,A (Facade Photo),train,trainA/337_A.jpg
337_B,B (Facade Segmentation),train,trainB/337_B.jpg
338_A,A (Facade Photo),train,trainA/338_A.jpg
338_B,B (Facade Segmentation),train,trainB/338_B.jpg
339_A,A (Facade Photo),train,trainA/339_A.jpg
339_B,B (Facade Segmentation),train,trainB/339_B.jpg
33_A,A (Facade Photo),train,trainA/33_A.jpg
33_B,B (Facade Segmentation),train,trainB/33_B.jpg
34,B (Facade Segmentation),test,testB/34.jpg
34,B (Facade Segmentation),test,testB/34.jpg
340_A,A (Facade Photo),train,trainA/340_A.jpg
340_B,B (Facade Segmentation),train,trainB/340_B.jpg
341_A,A (Facade Photo),train,trainA/341_A.jpg
341_B,B (Facade Segmentation),train,trainB/341_B.jpg
342_A,A (Facade Photo),train,trainA/342_A.jpg
342_B,B (Facade Segmentation),train,trainB/342_B.jpg
343_A,A (Facade Photo),train,trainA/343_A.jpg
343_B,B (Facade Segmentation),train,trainB/343_B.jpg
344_A,A (Facade Photo),train,trainA/344_A.jpg
344_B,B (Facade Segmentation),train,trainB/344_B.jpg
345_A,A (Facade Photo),train,trainA/345_A.jpg
345_B,B (Facade Segmentation),train,trainB/345_B.jpg
346_A,A (Facade Photo),train,trainA/346_A.jpg
346_B,B (Facade Segmentation),train,trainB/346_B.jpg
347_A,A (Facade Photo),train,trainA/347_A.jpg
347_B,B (Facade Segmentation),train,trainB/347_B.jpg
348_A,A (Facade Photo),train,trainA/348_A.jpg
348_B,B (Facade Segmentation),train,trainB/348_B.jpg
349_A,A (Facade Photo),train,trainA/349_A.jpg
349_B,B (Facade Segmentation),train,trainB/349_B.jpg
34_A,A (Facade Photo),train,trainA/34_A.jpg
34_B,B (Facade Segmentation),train,trainB/34_B.jpg
35,B (Facade Segmentation),test,testB/35.jpg
35,B (Facade Segmentation),test,testB/35.jpg
350_A,A (Facade Photo),train,trainA/350_A.jpg
350_B,B (Facade Segmentation),train,trainB/350_B.jpg
351_A,A (Facade Photo),train,trainA/351_A.jpg
351_B,B (Facade Segmentation),train,trainB/351_B.jpg
352_A,A (Facade Photo),train,trainA/352_A.jpg
352_B,B (Facade Segmentation),train,trainB/352_B.jpg
353_A,A (Facade Photo),train,trainA/353_A.jpg
353_B,B (Facade Segmentation),train,trainB/353_B.jpg
354_A,A (Facade Photo),train,trainA/354_A.jpg
354_B,B (Facade Segmentation),train,trainB/354_B.jpg
355_A,A (Facade Photo),train,trainA/355_A.jpg
355_B,B (Facade Segmentation),train,trainB/355_B.jpg
356_A,A (Facade Photo),train,trainA/356_A.jpg
356_B,B (Facade Segmentation),train,trainB/356_B.jpg
357_A,A (Facade Photo),train,trainA/357_A.jpg
357_B,B (Facade Segmentation),train,trainB/357_B.jpg
358_A,A (Facade Photo),train,trainA/358_A.jpg
358_B,B (Facade Segmentation),train,trainB/358_B.jpg
359_A,A (Facade Photo),train,trainA/359_A.jpg
359_B,B (Facade Segmentation),train,trainB/359_B.jpg
35_A,A (Facade Photo),train,trainA/35_A.jpg
35_B,B (Facade Segmentation),train,trainB/35_B.jpg
36,B (Facade Segmentation),test,testB/36.jpg
36,B (Facade Segmentation),test,testB/36.jpg
360_A,A (Facade Photo),train,trainA/360_A.jpg
360_B,B (Facade Segmentation),train,trainB/360_B.jpg
361_A,A (Facade Photo),train,trainA/361_A.jpg
361_B,B (Facade Segmentation),train,trainB/361_B.jpg
362_A,A (Facade Photo),train,trainA/362_A.jpg
362_B,B (Facade Segmentation),train,trainB/362_B.jpg
363_A,A (Facade Photo),train,trainA/363_A.jpg
363_B,B (Facade Segmentation),train,trainB/363_B.jpg
364_A,A (Facade Photo),train,trainA/364_A.jpg
364_B,B (Facade Segmentation),train,trainB/364_B.jpg
365_A,A (Facade Photo),train,trainA/365_A.jpg
365_B,B (Facade Segmentation),train,trainB/365_B.jpg
366_A,A (Facade Photo),train,trainA/366_A.jpg
366_B,B (Facade Segmentation),train,trainB/366_B.jpg
367_A,A (Facade Photo),train,trainA/367_A.jpg
367_B,B (Facade Segmentation),train,trainB/367_B.jpg
368_A,A (Facade Photo),train,trainA/368_A.jpg
368_B,B (Facade Segmentation),train,trainB/368_B.jpg
369_A,A (Facade Photo),train,trainA/369_A.jpg
369_B,B (Facade Segmentation),train,trainB/369_B.jpg
36_A,A (Facade Photo),train,trainA/36_A.jpg
36_B,B (Facade Segmentation),train,trainB/36_B.jpg
37,B (Facade Segmentation),test,testB/37.jpg
37,B (Facade Segmentation),test,testB/37.jpg
370_A,A (Facade Photo),train,trainA/370_A.jpg
370_B,B (Facade Segmentation),train,trainB/370_B.jpg
371_A,A (Facade Photo),train,trainA/371_A.jpg
371_B,B (Facade Segmentation),train,trainB/371_B.jpg
372_A,A (Facade Photo),train,trainA/372_A.jpg
372_B,B (Facade Segmentation),train,trainB/372_B.jpg
373_A,A (Facade Photo),train,trainA/373_A.jpg
373_B,B (Facade Segmentation),train,trainB/373_B.jpg
374_A,A (Facade Photo),train,trainA/374_A.jpg
374_B,B (Facade Segmentation),train,trainB/374_B.jpg
375_A,A (Facade Photo),train,trainA/375_A.jpg
375_B,B (Facade Segmentation),train,trainB/375_B.jpg
376_A,A (Facade Photo),train,trainA/376_A.jpg
376_B,B (Facade Segmentation),train,trainB/376_B.jpg
377_A,A (Facade Photo),train,trainA/377_A.jpg
377_B,B (Facade Segmentation),train,trainB/377_B.jpg
378_A,A (Facade Photo),train,trainA/378_A.jpg
378_B,B (Facade Segmentation),train,trainB/378_B.jpg
379_A,A (Facade Photo),train,trainA/379_A.jpg
379_B,B (Facade Segmentation),train,trainB/379_B.jpg
37_A,A (Facade Photo),train,trainA/37_A.jpg
37_B,B (Facade Segmentation),train,trainB/37_B.jpg
38,B (Facade Segmentation),test,testB/38.jpg
38,B (Facade Segmentation),test,testB/38.jpg
380_A,A (Facade Photo),train,trainA/380_A.jpg
380_B,B (Facade Segmentation),train,trainB/380_B.jpg
381_A,A (Facade Photo),train,trainA/381_A.jpg
381_B,B (Facade Segmentation),train,trainB/381_B.jpg
382_A,A (Facade Photo),train,trainA/382_A.jpg
382_B,B (Facade Segmentation),train,trainB/382_B.jpg
383_A,A (Facade Photo),train,trainA/383_A.jpg
383_B,B (Facade Segmentation),train,trainB/383_B.jpg
384_A,A (Facade Photo),train,trainA/384_A.jpg
384_B,B (Facade Segmentation),train,trainB/384_B.jpg
385_A,A (Facade Photo),train,trainA/385_A.jpg
385_B,B (Facade Segmentation),train,trainB/385_B.jpg
386_A,A (Facade Photo),train,trainA/386_A.jpg
386_B,B (Facade Segmentation),train,trainB/386_B.jpg
387_A,A (Facade Photo),train,trainA/387_A.jpg
387_B,B (Facade Segmentation),train,trainB/387_B.jpg
388_A,A (Facade Photo),train,trainA/388_A.jpg
388_B,B (Facade Segmentation),train,trainB/388_B.jpg
389_A,A (Facade Photo),train,trainA/389_A.jpg
389_B,B (Facade Segmentation),train,trainB/389_B.jpg
38_A,A (Facade Photo),train,trainA/38_A.jpg
38_B,B (Facade Segmentation),train,trainB/38_B.jpg
39,B (Facade Segmentation),test,testB/39.jpg
39,B (Facade Segmentation),test,testB/39.jpg
390_A,A (Facade Photo),train,trainA/390_A.jpg
390_B,B (Facade Segmentation),train,trainB/390_B.jpg
391_A,A (Facade Photo),train,trainA/391_A.jpg
391_B,B (Facade Segmentation),train,trainB/391_B.jpg
392_A,A (Facade Photo),train,trainA/392_A.jpg
392_B,B (Facade Segmentation),train,trainB/392_B.jpg
393_A,A (Facade Photo),train,trainA/393_A.jpg
393_B,B (Facade Segmentation),train,trainB/393_B.jpg
394_A,A (Facade Photo),train,trainA/394_A.jpg
394_B,B (Facade Segmentation),train,trainB/394_B.jpg
395_A,A (Facade Photo),train,trainA/395_A.jpg
395_B,B (Facade Segmentation),train,trainB/395_B.jpg
396_A,A (Facade Photo),train,trainA/396_A.jpg
396_B,B (Facade Segmentation),train,trainB/396_B.jpg
397_A,A (Facade Photo),train,trainA/397_A.jpg
397_B,B (Facade Segmentation),train,trainB/397_B.jpg
398_A,A (Facade Photo),train,trainA/398_A.jpg
398_B,B (Facade Segmentation),train,trainB/398_B.jpg
399_A,A (Facade Photo),train,trainA/399_A.jpg
399_B,B (Facade Segmentation),train,trainB/399_B.jpg
39_A,A (Facade Photo),train,trainA/39_A.jpg
39_B,B (Facade Segmentation),train,trainB/39_B.jpg
3_A,A (Facade Photo),train,trainA/3_A.jpg
3_B,B (Facade Segmentation),train,trainB/3_B.jpg
4,B (Facade Segmentation),test,testB/4.jpg
4,B (Facade Segmentation),test,testB/4.jpg
40,B (Facade Segmentation),test,testB/40.jpg
40,B (Facade Segmentation),test,testB/40.jpg
400_A,A (Facade Photo),train,trainA/400_A.jpg
400_B,B (Facade Segmentation),train,trainB/400_B.jpg
40_A,A (Facade Photo),train,trainA/40_A.jpg
40_B,B (Facade Segmentation),train,trainB/40_B.jpg
41,B (Facade Segmentation),test,testB/41.jpg
41,B (Facade Segmentation),test,testB/41.jpg
41_A,A (Facade Photo),train,trainA/41_A.jpg
41_B,B (Facade Segmentation),train,trainB/41_B.jpg
42,B (Facade Segmentation),test,testB/42.jpg
42,B (Facade Segmentation),test,testB/42.jpg
42_A,A (Facade Photo),train,trainA/42_A.jpg
42_B,B (Facade Segmentation),train,trainB/42_B.jpg
43,B (Facade Segmentation),test,testB/43.jpg
43,B (Facade Segmentation),test,testB/43.jpg
43_A,A (Facade Photo),train,trainA/43_A.jpg
43_B,B (Facade Segmentation),train,trainB/43_B.jpg
44,B (Facade Segmentation),test,testB/44.jpg
44,B (Facade Segmentation),test,testB/44.jpg
44_A,A (Facade Photo),train,trainA/44_A.jpg
44_B,B (Facade Segmentation),train,trainB/44_B.jpg
45,B (Facade Segmentation),test,testB/45.jpg
45,B (Facade Segmentation),test,testB/45.jpg
45_A,A (Facade Photo),train,trainA/45_A.jpg
45_B,B (Facade Segmentation),train,trainB/45_B.jpg
46,B (Facade Segmentation),test,testB/46.jpg
46,B (Facade Segmentation),test,testB/46.jpg
46_A,A (Facade Photo),train,trainA/46_A.jpg
46_B,B (Facade Segmentation),train,trainB/46_B.jpg
47,B (Facade Segmentation),test,testB/47.jpg
47,B (Facade Segmentation),test,testB/47.jpg
47_A,A (Facade Photo),train,trainA/47_A.jpg
47_B,B (Facade Segmentation),train,trainB/47_B.jpg
48,B (Facade Segmentation),test,testB/48.jpg
48,B (Facade Segmentation),test,testB/48.jpg
48_A,A (Facade Photo),train,trainA/48_A.jpg
48_B,B (Facade Segmentation),train,trainB/48_B.jpg
49,B (Facade Segmentation),test,testB/49.jpg
49,B (Facade Segmentation),test,testB/49.jpg
49_A,A (Facade Photo),train,trainA/49_A.jpg
49_B,B (Facade Segmentation),train,trainB/49_B.jpg
4_A,A (Facade Photo),train,trainA/4_A.jpg
4_B,B (Facade Segmentation),train,trainB/4_B.jpg
5,B (Facade Segmentation),test,testB/5.jpg
5,B (Facade Segmentation),test,testB/5.jpg
50,B (Facade Segmentation),test,testB/50.jpg
50,B (Facade Segmentation),test,testB/50.jpg
50_A,A (Facade Photo),train,trainA/50_A.jpg
50_B,B (Facade Segmentation),train,trainB/50_B.jpg
51,B (Facade Segmentation),test,testB/51.jpg
51,B (Facade Segmentation),test,testB/51.jpg
51_A,A (Facade Photo),train,trainA/51_A.jpg
51_B,B (Facade Segmentation),train,trainB/51_B.jpg
52,B (Facade Segmentation),test,testB/52.jpg
52,B (Facade Segmentation),test,testB/52.jpg
52_A,A (Facade Photo),train,trainA/52_A.jpg
52_B,B (Facade Segmentation),train,trainB/52_B.jpg
53,B (Facade Segmentation),test,testB/53.jpg
53,B (Facade Segmentation),test,testB/53.jpg
53_A,A (Facade Photo),train,trainA/53_A.jpg
53_B,B (Facade Segmentation),train,trainB/53_B.jpg
54,B (Facade Segmentation),test,testB/54.jpg
54,B (Facade Segmentation),test,testB/54.jpg
54_A,A (Facade Photo),train,trainA/54_A.jpg
54_B,B (Facade Segmentation),train,trainB/54_B.jpg
55,B (Facade Segmentation),test,testB/55.jpg
55,B (Facade Segmentation),test,testB/55.jpg
55_A,A (Facade Photo),train,trainA/55_A.jpg
55_B,B (Facade Segmentation),train,trainB/55_B.jpg
56,B (Facade Segmentation),test,testB/56.jpg
56,B (Facade Segmentation),test,testB/56.jpg
56_A,A (Facade Photo),train,trainA/56_A.jpg
56_B,B (Facade Segmentation),train,trainB/56_B.jpg
57,B (Facade Segmentation),test,testB/57.jpg
57,B (Facade Segmentation),test,testB/57.jpg
57_A,A (Facade Photo),train,trainA/57_A.jpg
57_B,B (Facade Segmentation),train,trainB/57_B.jpg
58,B (Facade Segmentation),test,testB/58.jpg
58,B (Facade Segmentation),test,testB/58.jpg
58_A,A (Facade Photo),train,trainA/58_A.jpg
58_B,B (Facade Segmentation),train,trainB/58_B.jpg
59,B (Facade Segmentation),test,testB/59.jpg
59,B (Facade Segmentation),test,testB/59.jpg
59_A,A (Facade Photo),train,trainA/59_A.jpg
59_B,B (Facade Segmentation),train,trainB/59_B.jpg
5_A,A (Facade Photo),train,trainA/5_A.jpg
5_B,B (Facade Segmentation),train,trainB/5_B.jpg
6,B (Facade Segmentation),test,testB/6.jpg
6,B (Facade Segmentation),test,testB/6.jpg
60,B (Facade Segmentation),test,testB/60.jpg
60,B (Facade Segmentation),test,testB/60.jpg
60_A,A (Facade Photo),train,trainA/60_A.jpg
60_B,B (Facade Segmentation),train,trainB/60_B.jpg
61,B (Facade Segmentation),test,testB/61.jpg
61,B (Facade Segmentation),test,testB/61.jpg
61_A,A (Facade Photo),train,trainA/61_A.jpg
61_B,B (Facade Segmentation),train,trainB/61_B.jpg
62,B (Facade Segmentation),test,testB/62.jpg
62,B (Facade Segmentation),test,testB/62.jpg
62_A,A (Facade Photo),train,trainA/62_A.jpg
62_B,B (Facade Segmentation),train,trainB/62_B.jpg
63,B (Facade Segmentation),test,testB/63.jpg
63,B (Facade Segmentation),test,testB/63.jpg
63_A,A (Facade Photo),train,trainA/63_A.jpg
63_B,B (Facade Segmentation),train,trainB/63_B.jpg
64,B (Facade Segmentation),test,testB/64.jpg
64,B (Facade Segmentation),test,testB/64.jpg
64_A,A (Facade Photo),train,trainA/64_A.jpg
64_B,B (Facade Segmentation),train,trainB/64_B.jpg
65,B (Facade Segmentation),test,testB/65.jpg
65,B (Facade Segmentation),test,testB/65.jpg
65_A,A (Facade Photo),train,trainA/65_A.jpg
65_B,B (Facade Segmentation),train,trainB/65_B.jpg
66,B (Facade Segmentation),test,testB/66.jpg
66,B (Facade Segmentation),test,testB/66.jpg
66_A,A (Facade Photo),train,trainA/66_A.jpg
66_B,B (Facade Segmentation),train,trainB/66_B.jpg
67,B (Facade Segmentation),test,testB/67.jpg
67,B (Facade Segmentation),test,testB/67.jpg
67_A,A (Facade Photo),train,trainA/67_A.jpg
67_B,B (Facade Segmentation),train,trainB/67_B.jpg
68,B (Facade Segmentation),test,testB/68.jpg
68,B (Facade Segmentation),test,testB/68.jpg
68_A,A (Facade Photo),train,trainA/68_A.jpg
68_B,B (Facade Segmentation),train,trainB/68_B.jpg
69,B (Facade Segmentation),test,testB/69.jpg
69,B (Facade Segmentation),test,testB/69.jpg
69_A,A (Facade Photo),train,trainA/69_A.jpg
69_B,B (Facade Segmentation),train,trainB/69_B.jpg
6_A,A (Facade Photo),train,trainA/6_A.jpg
6_B,B (Facade Segmentation),train,trainB/6_B.jpg
7,B (Facade Segmentation),test,testB/7.jpg
7,B (Facade Segmentation),test,testB/7.jpg
70,B (Facade Segmentation),test,testB/70.jpg
70,B (Facade Segmentation),test,testB/70.jpg
70_A,A (Facade Photo),train,trainA/70_A.jpg
70_B,B (Facade Segmentation),train,trainB/70_B.jpg
71,B (Facade Segmentation),test,testB/71.jpg
71,B (Facade Segmentation),test,testB/71.jpg
71_A,A (Facade Photo),train,trainA/71_A.jpg
71_B,B (Facade Segmentation),train,trainB/71_B.jpg
72,B (Facade Segmentation),test,testB/72.jpg
72,B (Facade Segmentation),test,testB/72.jpg
72_A,A (Facade Photo),train,trainA/72_A.jpg
72_B,B (Facade Segmentation),train,trainB/72_B.jpg
73,B (Facade Segmentation),test,testB/73.jpg
73,B (Facade Segmentation),test,testB/73.jpg
73_A,A (Facade Photo),train,trainA/73_A.jpg
73_B,B (Facade Segmentation),train,trainB/73_B.jpg
74,B (Facade Segmentation),test,testB/74.jpg
74,B (Facade Segmentation),test,testB/74.jpg
74_A,A (Facade Photo),train,trainA/74_A.jpg
74_B,B (Facade Segmentation),train,trainB/74_B.jpg
75,B (Facade Segmentation),test,testB/75.jpg
75,B (Facade Segmentation),test,testB/75.jpg
75_A,A (Facade Photo),train,trainA/75_A.jpg
75_B,B (Facade Segmentation),train,trainB/75_B.jpg
76,B (Facade Segmentation),test,testB/76.jpg
76,B (Facade Segmentation),test,testB/76.jpg
76_A,A (Facade Photo),train,trainA/76_A.jpg
76_B,B (Facade Segmentation),train,trainB/76_B.jpg
77,B (Facade Segmentation),test,testB/77.jpg
77,B (Facade Segmentation),test,testB/77.jpg
77_A,A (Facade Photo),train,trainA/77_A.jpg
77_B,B (Facade Segmentation),train,trainB/77_B.jpg
78,B (Facade Segmentation),test,testB/78.jpg
78,B (Facade Segmentation),test,testB/78.jpg
78_A,A (Facade Photo),train,trainA/78_A.jpg
78_B,B (Facade Segmentation),train,trainB/78_B.jpg
79,B (Facade Segmentation),test,testB/79.jpg
79,B (Facade Segmentation),test,testB/79.jpg
79_A,A (Facade Photo),train,trainA/79_A.jpg
79_B,B (Facade Segmentation),train,trainB/79_B.jpg
7_A,A (Facade Photo),train,trainA/7_A.jpg
7_B,B (Facade Segmentation),train,trainB/7_B.jpg
8,B (Facade Segmentation),test,testB/8.jpg
8,B (Facade Segmentation),test,testB/8.jpg
80,B (Facade Segmentation),test,testB/80.jpg
80,B (Facade Segmentation),test,testB/80.jpg
80_A,A (Facade Photo),train,trainA/80_A.jpg
80_B,B (Facade Segmentation),train,trainB/80_B.jpg
81,B (Facade Segmentation),test,testB/81.jpg
81,B (Facade Segmentation),test,testB/81.jpg
81_A,A (Facade Photo),train,trainA/81_A.jpg
81_B,B (Facade Segmentation),train,trainB/81_B.jpg
82,B (Facade Segmentation),test,testB/82.jpg
82,B (Facade Segmentation),test,testB/82.jpg
82_A,A (Facade Photo),train,trainA/82_A.jpg
82_B,B (Facade Segmentation),train,trainB/82_B.jpg
83,B (Facade Segmentation),test,testB/83.jpg
83,B (Facade Segmentation),test,testB/83.jpg
83_A,A (Facade Photo),train,trainA/83_A.jpg
83_B,B (Facade Segmentation),train,trainB/83_B.jpg
84,B (Facade Segmentation),test,testB/84.jpg
84,B (Facade Segmentation),test,testB/84.jpg
84_A,A (Facade Photo),train,trainA/84_A.jpg
84_B,B (Facade Segmentation),train,trainB/84_B.jpg
85,B (Facade Segmentation),test,testB/85.jpg
85,B (Facade Segmentation),test,testB/85.jpg
85_A,A (Facade Photo),train,trainA/85_A.jpg
85_B,B (Facade Segmentation),train,trainB/85_B.jpg
86,B (Facade Segmentation),test,testB/86.jpg
86,B (Facade Segmentation),test,testB/86.jpg
86_A,A (Facade Photo),train,trainA/86_A.jpg
86_B,B (Facade Segmentation),train,trainB/86_B.jpg
87,B (Facade Segmentation),test,testB/87.jpg
87,B (Facade Segmentation),test,testB/87.jpg
87_A,A (Facade Photo),train,trainA/87_A.jpg
87_B,B (Facade Segmentation),train,trainB/87_B.jpg
88,B (Facade Segmentation),test,testB/88.jpg
88,B (Facade Segmentation),test,testB/88.jpg
88_A,A (Facade Photo),train,trainA/88_A.jpg
88_B,B (Facade Segmentation),train,trainB/88_B.jpg
89,B (Facade Segmentation),test,testB/89.jpg
89,B (Facade Segmentation),test,testB/89.jpg
89_A,A (Facade Photo),train,trainA/89_A.jpg
89_B,B (Facade Segmentation),train,trainB/89_B.jpg
8_A,A (Facade Photo),train,trainA/8_A.jpg
8_B,B (Facade Segmentation),train,trainB/8_B.jpg
9,B (Facade Segmentation),test,testB/9.jpg
9,B (Facade Segmentation),test,testB/9.jpg
90,B (Facade Segmentation),test,testB/90.jpg
90,B (Facade Segmentation),test,testB/90.jpg
90_A,A (Facade Photo),train,trainA/90_A.jpg
90_B,B (Facade Segmentation),train,trainB/90_B.jpg
91,B (Facade Segmentation),test,testB/91.jpg
91,B (Facade Segmentation),test,testB/91.jpg
91_A,A (Facade Photo),train,trainA/91_A.jpg
91_B,B (Facade Segmentation),train,trainB/91_B.jpg
92,B (Facade Segmentation),test,testB/92.jpg
92,B (Facade Segmentation),test,testB/92.jpg
92_A,A (Facade Photo),train,trainA/92_A.jpg
92_B,B (Facade Segmentation),train,trainB/92_B.jpg
93,B (Facade Segmentation),test,testB/93.jpg
93,B (Facade Segmentation),test,testB/93.jpg
93_A,A (Facade Photo),train,trainA/93_A.jpg
93_B,B (Facade Segmentation),train,trainB/93_B.jpg
94,B (Facade Segmentation),test,testB/94.jpg
94,B (Facade Segmentation),test,testB/94.jpg
94_A,A (Facade Photo),train,trainA/94_A.jpg
94_B,B (Facade Segmentation),train,trainB/94_B.jpg
95,B (Facade Segmentation),test,testB/95.jpg
95,B (Facade Segmentation),test,testB/95.jpg
95_A,A (Facade Photo),train,trainA/95_A.jpg
95_B,B (Facade Segmentation),train,trainB/95_B.jpg
96,B (Facade Segmentation),test,testB/96.jpg
96,B (Facade Segmentation),test,testB/96.jpg
96_A,A (Facade Photo),train,trainA/96_A.jpg
96_B,B (Facade Segmentation),train,trainB/96_B.jpg
97,B (Facade Segmentation),test,testB/97.jpg
97,B (Facade Segmentation),test,testB/97.jpg
97_A,A (Facade Photo),train,trainA/97_A.jpg
97_B,B (Facade Segmentation),train,trainB/97_B.jpg
98,B (Facade Segmentation),test,testB/98.jpg
98,B (Facade Segmentation),test,testB/98.jpg
98_A,A (Facade Photo),train,trainA/98_A.jpg
98_B,B (Facade Segmentation),train,trainB/98_B.jpg
99,B (Facade Segmentation),test,testB/99.jpg
99,B (Facade Segmentation),test,testB/99.jpg
99_A,A (Facade Photo),train,trainA/99_A.jpg
99_B,B (Facade Segmentation),train,trainB/99_B.jpg
9_A,A (Facade Photo),train,trainA/9_A.jpg
9_B,B (Facade Segmentation),train,trainB/9_B.jpg
